Tanggal,Price
2018-01-01,0.09927295836564305
2018-01-02,0.11199472938542536
2018-01-03,0.11590590631443724
2018-01-04,0.11613426074383297
2018-01-05,0.13337939290760292
2018-01-06,0.13549288603073362
2018-01-07,0.12631886829488237
2018-01-08,0.11415292167345902
2018-01-09,0.11223182930360646
2018-01-10,0.11480203128552856
2018-01-11,0.10015236584906063
2018-01-12,0.1035660216382827
2018-01-13,0.10750635019657916
2018-01-14,0.10170517596895158
2018-01-15,0.10172752555140306
2018-01-16,0.07903298215337255
2018-01-17,0.07738397165684256
2018-01-18,0.0778999554951793
2018-01-19,0.08115327732333628
2018-01-20,0.0935786734453922
2018-01-21,0.08129612030683062
2018-01-22,0.0742015854599447
2018-01-23,0.07457472631478708
2018-01-24,0.07991044619483782
2018-01-25,0.07748794580129084
2018-01-26,0.07666295469253777
2018-01-27,0.08005814778321294
2018-01-28,0.08324150570108697
2018-01-29,0.07789412516932238
2018-01-30,0.06741119927859435
2018-01-31,0.06837708992888945
2018-02-01,0.05784071938447308
2018-02-02,0.0550431346941314
2018-02-03,0.05842375197016429
2018-02-04,0.048522886944151314
2018-02-05,0.03604890477328779
2018-02-06,0.04346022065839926
2018-02-07,0.04242533781879736
2018-02-08,0.04795928877798314
2018-02-09,0.05316382632625337
2018-02-10,0.05180147351768824
2018-02-11,0.047159562414610015
2018-02-12,0.055143221954675053
2018-02-13,0.05160324243855323
2018-02-14,0.060709239706073836
2018-02-15,0.06616059438228669
2018-02-16,0.06753460784256567
2018-02-17,0.07622956713717396
2018-02-18,0.06967336571107625
2018-02-19,0.07716144755330376
2018-02-20,0.07783485018977712
2018-02-21,0.07039438267538106
2018-02-22,0.06425990815293335
2018-02-23,0.06745395500154504
2018-02-24,0.06292476353170046
2018-02-25,0.061767443849103404
2018-02-26,0.06856851896119141
2018-02-27,0.07157405194042962
2018-02-28,0.0690427187975536
2018-03-01,0.07458735868747705
2018-03-02,0.0738410769777923
2018-03-03,0.07942458570676182
2018-03-04,0.07956257008537541
2018-03-05,0.07872786176686082
2018-03-06,0.0723582307681843
2018-03-07,0.06485460139033837
2018-03-08,0.05899609562511783
2018-03-09,0.05818956721491164
2018-03-10,0.053768236773419936
2018-03-11,0.06122716698636288
2018-03-12,0.05741607731789464
2018-03-13,0.05758612848872123
2018-03-14,0.048410167310917684
2018-03-15,0.04893295319608747
2018-03-16,0.04917393999817317
2018-03-17,0.04514809999397533
2018-03-18,0.048318825539159393
2018-03-19,0.052357297916047194
2018-03-20,0.05523164856350489
2018-03-21,0.05516654325810269
2018-03-22,0.053420360663957514
2018-03-23,0.05527246084450327
2018-03-24,0.05168292355859769
2018-03-25,0.050961906594292894
2018-03-26,0.04775814253591967
2018-03-27,0.044436800239432056
2018-03-28,0.045925476774896945
2018-03-29,0.037901976674809684
2018-03-30,0.03522488538551087
2018-03-31,0.03604598961035932
2018-04-01,0.03494794490730754
2018-04-02,0.03731117032130926
2018-04-03,0.04076855355445816
2018-04-04,0.034789554388194754
2018-04-05,0.03452816144560987
2018-04-06,0.03299575746621812
2018-04-07,0.03573018029310991
2018-04-08,0.03694288807134764
2018-04-09,0.034527189724633714
2018-04-10,0.03523557431624855
2018-04-11,0.03627823092365966
2018-04-12,0.04565047973864593
2018-04-13,0.04526956511599434
2018-04-14,0.04640647865809221
2018-04-15,0.049896900404430275
2018-04-16,0.04704392761844793
2018-04-17,0.04547556996293857
2018-04-18,0.04809727315659672
2018-04-19,0.0491894875337916
2018-04-20,0.054788543798379566
2018-04-21,0.05533367926600086
2018-04-22,0.054202596049759896
2018-04-23,0.05562228039591799
2018-04-24,0.06235144815577076
2018-04-25,0.05484781877792484
2018-04-26,0.05886977189821806
2018-04-27,0.055506645599755905
2018-04-28,0.05950527741662148
2018-04-29,0.0601145464686688
2018-04-30,0.05846262080921037
2018-05-01,0.056808751707799615
2018-05-02,0.05844415811066349
2018-05-03,0.06336592485487348
2018-05-04,0.062966547533675
2018-05-05,0.06437457122811928
2018-05-06,0.06245930918412364
2018-05-07,0.06027488042973389
2018-05-08,0.05798939269382432
2018-05-09,0.05918169433156287
2018-05-10,0.056330664987532836
2018-05-11,0.05033125968077022
2018-05-12,0.05082878082056007
2018-05-13,0.053102607904755794
2018-05-14,0.05291409403538232
2018-05-15,0.050998831991386676
2018-05-16,0.04971032997700908
2018-05-17,0.04697590715011729
2018-05-18,0.04875124137354704
2018-05-19,0.04874541104769013
2018-05-20,0.051504126898985716
2018-05-21,0.05028267363196262
2018-05-22,0.046422026193710636
2018-05-23,0.04162463973444809
2018-05-24,0.04240784684122663
2018-05-25,0.04128842427669949
2018-05-26,0.04015734106045854
2018-05-27,0.04020981399317075
2018-05-28,0.03780577629817064
2018-05-29,0.04119125217908429
2018-05-30,0.04053436879920552
2018-05-31,0.04153038279976136
2018-06-01,0.04180440811503622
2018-06-02,0.04292966100542027
2018-06-03,0.04373327425269799
2018-06-04,0.04154690205635593
2018-06-05,0.04278293113802131
2018-06-06,0.04306958882598616
2018-06-07,0.0434271821452101
2018-06-08,0.04269158936626302
2018-06-09,0.04165864996861342
2018-06-10,0.03446111269825537
2018-06-11,0.03553777953983181
2018-06-12,0.03235344990098163
2018-06-13,0.029963988020623812
2018-06-14,0.03321730984878078
2018-06-15,0.030916274577252795
2018-06-16,0.03184426810947798
2018-06-17,0.03140213506532881
2018-06-18,0.0339237509984433
2018-06-19,0.034240532036668866
2018-06-20,0.03436685576356863
2018-06-21,0.034003432118487775
2018-06-22,0.027470551995817716
2018-06-23,0.028554992605203375
2018-06-24,0.02843158404123207
2018-06-25,0.029422739436907132
2018-06-26,0.027727086333521854
2018-06-27,0.028434499204160517
2018-06-28,0.025797248474883933
2018-06-29,0.02900198425423331
2018-06-30,0.030805498385971457
2018-07-01,0.030493575952626667
2018-07-02,0.03294911485936283
2018-07-03,0.03191909062464168
2018-07-04,0.03274408173339474
2018-07-05,0.03223975854677184
2018-07-06,0.03293162388179209
2018-07-07,0.03436782748454478
2018-07-08,0.0338751649496357
2018-07-09,0.033411654044011196
2018-07-10,0.029914430250840056
2018-07-11,0.03071026973030857
2018-07-12,0.02936443617833801
2018-07-13,0.029166205099202994
2018-07-14,0.029405248459336397
2018-07-15,0.03045567883455673
2018-07-16,0.03402189481703466
2018-07-17,0.03977545471683079
2018-07-18,0.04037403483814045
2018-07-19,0.04128648083474719
2018-07-20,0.03994453416668124
2018-07-21,0.04061793680315459
2018-07-22,0.040652918758296075
2018-07-23,0.043672055831200415
2018-07-24,0.050318627308080247
2018-07-25,0.04805160227071757
2018-07-26,0.04575153872016574
2018-07-27,0.0481847280444504
2018-07-28,0.04863852174031341
2018-07-29,0.048458753359725285
2018-07-30,0.04808464078390676
2018-07-31,0.04373424597367413
2018-08-01,0.04253902917300714
2018-08-02,0.04185105072189152
2018-08-03,0.04071802406369826
2018-08-04,0.036785469273211024
2018-08-05,0.03690984955815847
2018-08-06,0.036098462543071544
2018-08-07,0.03397330876822706
2018-08-08,0.02968510410046818
2018-08-09,0.03216493603160814
2018-08-10,0.028409234458780575
2018-08-11,0.02917980919286913
2018-08-12,0.02997079006745687
2018-08-13,0.029410107064217157
2018-08-14,0.028777516708742186
2018-08-15,0.029425654599835586
2018-08-16,0.029909571645959296
2018-08-17,0.032581804330377356
2018-08-18,0.030613097632693362
2018-08-19,0.03160813991227303
2018-08-20,0.02953448734916462
2018-08-21,0.031614941959106094
2018-08-22,0.03042361204234372
2018-08-23,0.03199391313980539
2018-08-24,0.03354089293383941
2018-08-25,0.03406950914486612
2018-08-26,0.033854758809136506
2018-08-27,0.03565147089404161
2018-08-28,0.037371417021830694
2018-08-29,0.036929283977681526
2018-08-30,0.0365852947521237
2018-08-31,0.03697495486356066
2018-09-01,0.038488896144405524
2018-09-02,0.039502401122532074
2018-09-03,0.03921379999261493
2018-09-04,0.04031475985859517
2018-09-05,0.03379742727154354
2018-09-06,0.031923949229522436
2018-09-07,0.030727760707879297
2018-09-08,0.028720185171149222
2018-09-09,0.029246857940223615
2018-09-10,0.030048527745549038
2018-09-11,0.029785191361011834
2018-09-12,0.030213720311494878
2018-09-13,0.03162174400593916
2018-09-14,0.03162951777374838
2018-09-15,0.031972535278330036
2018-09-16,0.031789851734813454
2018-09-17,0.029377068551027986
2018-09-18,0.030252589150540958
2018-09-19,0.030722902102998537
2018-09-20,0.031682962427436734
2018-09-21,0.0343794881362586
2018-09-22,0.034018979654106205
2018-09-23,0.03377119080518744
2018-09-24,0.03260512563380501
2018-09-25,0.0312544334769537
2018-09-26,0.03147792930146867
2018-09-27,0.03362640437974078
2018-09-28,0.033109448820427906
2018-09-29,0.03279752638708311
2018-09-30,0.0331016750526187
2018-10-01,0.032839310389057644
2018-10-02,0.032272797059961014
2018-10-03,0.03186370252900102
2018-10-04,0.03260609735478116
2018-10-05,0.03313957217068862
2018-10-06,0.03272367559289556
2018-10-07,0.032866518576389905
2018-10-08,0.03343594706841499
2018-10-09,0.03325326352489841
2018-10-10,0.032934539044720545
2018-10-11,0.02925268826608053
2018-10-12,0.029759926615631885
2018-10-13,0.030055329792382096
2018-10-14,0.030104887562165852
2018-10-15,0.0337294068032129
2018-10-16,0.03378285145690127
2018-10-17,0.033601139634360844
2018-10-18,0.03250795353618981
2018-10-19,0.031904514809999396
2018-10-20,0.03248949083764292
2018-10-21,0.03259443670306733
2018-10-22,0.03233012859755399
2018-10-23,0.03206679221301678
2018-10-24,0.03208622663253982
2018-10-25,0.031855928761191796
2018-10-26,0.031885080390476356
2018-10-27,0.031731548476244334
2018-10-28,0.03165283907717603
2018-10-29,0.030184568682210318
2018-10-30,0.030094198631428176
2018-10-31,0.03048483046384129
2018-11-01,0.030821045921589893
2018-11-02,0.03105620239781868
2018-11-03,0.03068208982200015
2018-11-04,0.031576073120060014
2018-11-05,0.031396304739471886
2018-11-06,0.03181511648019342
2018-11-07,0.032422442090288425
2018-11-08,0.031535260839061635
2018-11-09,0.03093279383384738
2018-11-10,0.031079523701246337
2018-11-11,0.03126415068671522
2018-11-12,0.03115628965836234
2018-11-13,0.031099929841745526
2018-11-14,0.02539787115368545
2018-11-15,0.0241977957481377
2018-11-16,0.02339418250085997
2018-11-17,0.023254254680294087
2018-11-18,0.023608932836589575
2018-11-19,0.016082953876292147
2018-11-20,0.012592532129954086
2018-11-21,0.013701265763743538
2018-11-22,0.010954210564161765
2018-11-23,0.01136233337414562
2018-11-24,0.006721393992043551
2018-11-25,0.008099294336227116
2018-11-26,0.005910978697932764
2018-11-27,0.006197636385897612
2018-11-28,0.010073831359768026
2018-11-29,0.01037603658335131
2018-11-30,0.007880657116592915
2018-12-01,0.009401400444270833
2018-12-02,0.009053524334808404
2018-12-03,0.006501785051433194
2018-12-04,0.007091619683957474
2018-12-05,0.005275473179529339
2018-12-06,0.0027198470122495183
2018-12-07,0.0018802800888541651
2018-12-08,0.0019599612088986376
2018-12-09,0.003292190667203057
2018-12-10,0.0022524492227203943
2018-12-11,0.0017393805473121249
2018-12-12,0.0023068655973849037
2018-12-13,0.0008415103653476586
2018-12-14,0.00018559870644504345
2018-12-15,0.0
2018-12-16,0.00018657042742119267
2018-12-17,0.0028898981830761186
2018-12-18,0.00426877024823584
2018-12-19,0.004454368954680876
2018-12-20,0.008233391830936097
2018-12-21,0.0060460479136178955
2018-12-22,0.007148951221550445
2018-12-23,0.006954607026320038
2018-12-24,0.007748503063836239
2018-12-25,0.005187046570699502
2018-12-26,0.005490223515258935
2018-12-27,0.003480704536576555
2018-12-28,0.006150022058066161
2018-12-29,0.004645797986982829
2018-12-30,0.005697200083179317
2018-12-31,0.004671062732362778
2019-01-01,0.005642783708514808
2019-01-02,0.006268572017156707
2019-01-03,0.005358069462502259
2019-01-04,0.005577678403112615
2019-01-05,0.00540957067423832
2019-01-06,0.007534724449082791
2019-01-07,0.007357871231423126
2019-01-08,0.007213084805976475
2019-01-09,0.007281105274307115
2019-01-10,0.00364395366057009
2019-01-11,0.003768333945517552
2019-01-12,0.00358079179712021
2019-01-13,0.0025410503526375403
2019-01-14,0.003978225676366388
2019-01-15,0.0033291160642968387
2019-01-16,0.0034913934673142244
2019-01-17,0.003864534322156603
2019-01-18,0.003662416359116981
2019-01-19,0.0043639989038987415
2019-01-20,0.0030473169812127512
2019-01-21,0.002992900606548235
2019-01-22,0.0034146275101982135
2019-01-23,0.003233887408633937
2019-01-24,0.0033582676935813988
2019-01-25,0.003335918111129897
2019-01-26,0.003325229180392228
2019-01-27,0.003176555871040966
2019-01-28,0.0020804546099414886
2019-01-29,0.0018083727366189212
2019-01-30,0.0022475906178396343
2019-01-31,0.0020260382352769724
2019-02-01,0.0023243565749556452
2019-02-02,0.002660572032704242
2019-02-03,0.0022388451290542635
2019-02-04,0.002274798805171889
2019-02-05,0.0023292151798364052
2019-02-06,0.001706342034122961
2019-02-07,0.0016422084496969178
2019-02-08,0.004207551826738265
2019-02-09,0.00420463666380981
2019-02-10,0.004375659555612567
2019-02-11,0.003917007254868814
2019-02-12,0.003918950696821112
2019-02-13,0.0037197478967099518
2019-02-14,0.0035360926322172137
2019-02-15,0.00365367087033161
2019-02-16,0.0037712491084460065
2019-02-17,0.004231844851142065
2019-02-18,0.006484294073862459
2019-02-19,0.006662119012498281
2019-02-20,0.007226688899642605
2019-02-21,0.006878812790180176
2019-02-22,0.007156724989359653
2019-02-23,0.008664835944347596
2019-02-24,0.0051161109394404075
2019-02-25,0.005878911905719743
2019-02-26,0.005651529197300172
2019-02-27,0.005693313199274706
2019-02-28,0.005712747618797746
2019-03-01,0.005764248830533808
2019-03-02,0.005775909482247633
2019-03-03,0.005643755429490957
2019-03-04,0.004734224595812665
2019-03-05,0.00610726633511547
2019-03-06,0.006163626151732292
2019-03-07,0.006281204389846681
2019-03-08,0.006191806060040696
2019-03-09,0.006953635305343889
2019-03-10,0.006670864501283645
2019-03-11,0.006234561782991387
2019-03-12,0.006387121976247252
2019-03-13,0.006184032292231481
2019-03-14,0.006319101507916612
2019-03-15,0.0067592911101134814
2019-03-16,0.007557074031534293
2019-03-17,0.007315115508472435
2019-03-18,0.00739965523339766
2019-03-19,0.007660076455006402
2019-03-20,0.007895232931235195
2019-03-21,0.0073219175553055
2019-03-22,0.007401598675349966
2019-03-23,0.007519176913464362
2019-03-24,0.0074433826773245
2019-03-25,0.006882699674084787
2019-03-26,0.006939059490701609
2019-03-27,0.007900091536115955
2019-03-28,0.007743644458955479
2019-03-29,0.00848798272668793
2019-03-30,0.008581267940398526
2019-03-31,0.008488954447664086
2019-04-01,0.008904851025457149
2019-04-02,0.015844882237134907
2019-04-03,0.016907944985045213
2019-04-04,0.016263693977856424
2019-04-05,0.017311209190148308
2019-04-06,0.017661028741563035
2019-04-07,0.018899001265180716
2019-04-08,0.01959475348410556
2019-04-09,0.018751299676805604
2019-04-10,0.020203050815176732
2019-04-11,0.01743170259119116
2019-04-12,0.017738766419655196
2019-04-13,0.01771544511622755
2019-04-14,0.018521973526433727
2019-04-15,0.017525959525877904
2019-04-16,0.01896993689643981
2019-04-17,0.01923618844390547
2019-04-18,0.019784239074455208
2019-04-19,0.019553941203107175
2019-04-20,0.02003202792337397
2019-04-21,0.019578234227510975
2019-04-22,0.020581050274899863
2019-04-23,0.02218341816457456
2019-04-24,0.021250566027468616
2019-04-25,0.019243962211714684
2019-04-26,0.02011073732244229
2019-04-27,0.019795899726169026
2019-04-28,0.020149606161488372
2019-04-29,0.019495637944538055
2019-04-30,0.020329374542076492
2019-05-01,0.02094544564095687
2019-05-02,0.022010451830819497
2019-05-03,0.024663250095714517
2019-05-04,0.02528612324142796
2019-05-05,0.024741959494782827
2019-05-06,0.02445238664388953
2019-05-07,0.025466863342992245
2019-05-08,0.026835046477414297
2019-05-09,0.028790149081432168
2019-05-10,0.030680146380047853
2019-05-11,0.038495698191238575
2019-05-12,0.03649881158524618
2019-05-13,0.04447858424140659
2019-05-14,0.046311250002429305
2019-05-15,0.04796317566188775
2019-05-16,0.04511797664371463
2019-05-17,0.0401398500828878
2019-05-18,0.0391982524569965
2019-05-19,0.0478912683096525
2019-05-20,0.04602653575641677
2019-05-21,0.045686433414763555
2019-05-22,0.04282374341901969
2019-05-23,0.04492654761141268
2019-05-24,0.04607317836327206
2019-05-25,0.04662997448260717
2019-05-26,0.05248750852685158
2019-05-27,0.05374977407487305
2019-05-28,0.053324160287318456
2019-05-29,0.052658531418654314
2019-05-30,0.04900583226929886
2019-05-31,0.05178884114499825
2019-06-01,0.051666404302003116
2019-06-02,0.053443681967385165
2019-06-03,0.04757643071337925
2019-06-04,0.043307660465143394
2019-06-05,0.04421719129882169
2019-06-06,0.044273551115438514
2019-06-07,0.046219908230671014
2019-06-08,0.04540560605265562
2019-06-09,0.042816941372186626
2019-06-10,0.04624517297605096
2019-06-11,0.045275395441851246
2019-06-12,0.04765708355439986
2019-06-13,0.04849179187291444
2019-06-14,0.05273918425967494
2019-06-15,0.054258955866376704
2019-06-16,0.05571653733060475
2019-06-17,0.0591787791686344
2019-06-18,0.056864139803440295
2019-06-19,0.05856270806975401
2019-06-20,0.061104730143367716
2019-06-21,0.06754043816842256
2019-06-22,0.07281105274307116
2019-06-23,0.0745154513352418
2019-06-24,0.07596623075263677
2019-06-25,0.08338532040555746
2019-06-26,0.0955697297255277
2019-06-27,0.07831196518906774
2019-06-28,0.0892078724946604
2019-06-29,0.08432400286852032
2019-06-30,0.07375265036896246
2019-07-01,0.07178977399713538
2019-07-02,0.07392075809783676
2019-07-03,0.08426861477287965
2019-07-04,0.07710022913180618
2019-07-05,0.07522577936880893
2019-07-06,0.07811956443578966
2019-07-07,0.07955673975951849
2019-07-08,0.08768712916698249
2019-07-09,0.09049443106708568
2019-07-10,0.08630728538084662
2019-07-11,0.0788415531210706
2019-07-12,0.08292083777895681
2019-07-13,0.07906116206168096
2019-07-14,0.0677425561314622
2019-07-15,0.07401793019545196
2019-07-16,0.06020880340335555
2019-07-17,0.0631084187961932
2019-07-18,0.07212793289683628
2019-07-19,0.0713515278368908
2019-07-20,0.07383135976803078
2019-07-21,0.07274011711181205
2019-07-22,0.0698064914848091
2019-07-23,0.06471661701172479
2019-07-24,0.06389648450785247
2019-07-25,0.06526661108422682
2019-07-26,0.06415593400848507
2019-07-27,0.06086277162030587
2019-07-28,0.06315311796109617
2019-07-29,0.061725659847128855
2019-07-30,0.06172371640517656
2019-07-31,0.06659495365862665
2019-08-01,0.06949068216755969
2019-08-02,0.07085206325514867
2019-08-03,0.07372447046065406
2019-08-04,0.07487984670129881
2019-08-05,0.08345236915291196
2019-08-06,0.0801883583940173
2019-08-07,0.0853676311969076
2019-08-08,0.08709437937152975
2019-08-09,0.08610516741780698
2019-08-10,0.07857141468970034
2019-08-11,0.08054109310836051
2019-08-12,0.07934587630769352
2019-08-13,0.07447463905424341
2019-08-14,0.06627817262040109
2019-08-15,0.06874634389982723
2019-08-16,0.06905923805414818
2019-08-17,0.06791746590716956
2019-08-18,0.06883671395060938
2019-08-19,0.07464760538799849
2019-08-20,0.07311131452470213
2019-08-21,0.0671731276394371
2019-08-22,0.06681844948314161
2019-08-23,0.06957522189248491
2019-08-24,0.06707109693694115
2019-08-25,0.06712259814867719
2019-08-26,0.06941100104751521
2019-08-27,0.06759388282211093
2019-08-28,0.06316866549671461
2019-08-29,0.060852082689568196
2019-08-30,0.0617693872910557
2019-08-31,0.06185684217890938
2019-09-01,0.06316769377573846
2019-09-02,0.06918750522300024
2019-09-03,0.07174798999516083
2019-09-04,0.0713194610446778
2019-09-05,0.07130682867198782
2019-09-06,0.06880367543742019
2019-09-07,0.07027874787921898
2019-09-08,0.06971223455012233
2019-09-09,0.06880076027449175
2019-09-10,0.06682233636704622
2019-09-11,0.06737718904442903
2019-09-12,0.06983175623018904
2019-09-13,0.06912239991759807
2019-09-14,0.06907575731074277
2019-09-15,0.06882505329889554
2019-09-16,0.06828088955225041
2019-09-17,0.0676998004085115
2019-09-18,0.06739856690590439
2019-09-19,0.06823230350344281
2019-09-20,0.06747630458399655
2019-09-21,0.06573012198985136
2019-09-22,0.06610520628664604
2019-09-23,0.06290435739120127
2019-09-24,0.05135739703158676
2019-09-25,0.05056544443602286
2019-09-26,0.04698368091792651
2019-09-27,0.048160435020046605
2019-09-28,0.04838976117041849
2019-09-29,0.04684083793443217
2019-09-30,0.04912632567034171
2019-10-01,0.049305122329953696
2019-10-02,0.04990175900931104
2019-10-03,0.04856855783003046
2019-10-04,0.04780284170082266
2019-10-05,0.04760072373778304
2019-10-06,0.04521612046230597
2019-10-07,0.048293560793779444
2019-10-08,0.048141000600523565
2019-10-09,0.051870465706995036
2019-10-10,0.05182770998404433
2019-10-11,0.048965991709276624
2019-10-12,0.04932164158654827
2019-10-13,0.04909911748300946
2019-10-14,0.049796813143886606
2019-10-15,0.0479884404072677
2019-10-16,0.04636760981904613
2019-10-17,0.047075994410660946
2019-10-18,0.04586328663242323
2019-10-19,0.04594879807832461
2019-10-20,0.04853454759586513
2019-10-21,0.048386846007490034
2019-10-22,0.04666884332165325
2019-10-23,0.041281622229866435
2019-10-24,0.040753977739815886
2019-10-25,0.05276056212115028
2019-10-26,0.058321721267668325
2019-10-27,0.06122716698636288
2019-10-28,0.058094338559248754
2019-10-29,0.06007762107157502
2019-10-30,0.05761528011800579
2019-10-31,0.05756377890626975
2019-11-01,0.05831686266278756
2019-11-02,0.05900192595097474
2019-11-03,0.058007855392371216
2019-11-04,0.05993283464612838
2019-11-05,0.05910104149054224
2019-11-06,0.059374095084840955
2019-11-07,0.05825272907836153
2019-11-08,0.05392565557155657
2019-11-09,0.054181218188284544
2019-11-10,0.056438526015885684
2019-11-11,0.05352433480840578
2019-11-12,0.05425992758735286
2019-11-13,0.05397326989938801
2019-11-14,0.0527887420294587
2019-11-15,0.050992029944553596
2019-11-16,0.05119609134954552
2019-11-17,0.051317556471564524
2019-11-18,0.04838878944944233
2019-11-19,0.04777952039739501
2019-11-20,0.04732864186446048
2019-11-21,0.04274794918287983
2019-11-22,0.03929445283363554
2019-11-23,0.03979586085732999
2019-11-24,0.035914807278578806
2019-11-25,0.037769822622053015
2019-11-26,0.03822847492279677
2019-11-27,0.04160812047785352
2019-11-28,0.040792846578861966
2019-11-29,0.04386348486350236
2019-11-30,0.04195794002926824
2019-12-01,0.0404984151230879
2019-12-02,0.03954418512450661
2019-12-03,0.03948199498203288
2019-12-04,0.03863271084887601
2019-12-05,0.04052562331042016
2019-12-06,0.04180440811503622
2019-12-07,0.04161103564078196
2019-12-08,0.04174221797256249
2019-12-09,0.04010389640677017
2019-12-10,0.0389368595144116
2019-12-11,0.03866769280401748
2019-12-12,0.03866769280401748
2019-12-13,0.039126345104761234
2019-12-14,0.03743166372235211
2019-12-15,0.03789517462797663
2019-12-16,0.03570880243163457
2019-12-17,0.0328888681588414
2019-12-18,0.039328463067800856
2019-12-19,0.03825471138915287
2019-12-20,0.03855497317078385
2019-12-21,0.03816434133837074
2019-12-22,0.04146430577338302
2019-12-23,0.03978322848464001
2019-12-24,0.039253640552637165
2019-12-25,0.03883094192801102
2019-12-26,0.038695872712325885
2019-12-27,0.03918950696821112
2019-12-28,0.03977059611195004
2019-12-29,0.04050910405382557
2019-12-30,0.03919047868918728
2019-12-31,0.03855497317078385
2020-01-01,0.03858801168397302
2020-01-02,0.036325845251491115
2020-01-03,0.03998048784279887
2020-01-04,0.04030795781176211
2020-01-05,0.04026617380978756
2020-01-06,0.04402284710359129
2020-01-07,0.04787669249501021
2020-01-08,0.04694286863692812
2020-01-09,0.04483229067672592
2020-01-10,0.04818181288152196
2020-01-11,0.04659790769039415
2020-01-12,0.04818667148640271
2020-01-13,0.04744622010257486
2020-01-14,0.054421233269394104
2020-01-15,0.054315315682993526
2020-01-16,0.05342716271079058
2020-01-17,0.05523650716838564
2020-01-18,0.0552676022396225
2020-01-19,0.053226016468727114
2020-01-20,0.05260119988106135
2020-01-21,0.053482550806431245
2020-01-22,0.052956849758332994
2020-01-23,0.05030016460953336
2020-01-24,0.050638323509234265
2020-01-25,0.049683121789676835
2020-01-26,0.05226984302819351
2020-01-27,0.054784656914474955
2020-01-28,0.05974723593968333
2020-01-29,0.058985406694380155
2020-01-30,0.06101047320868096
2020-01-31,0.05947321062440847
2020-02-01,0.059789019941657875
2020-02-02,0.059335226245794875
2020-02-03,0.05896305711192866
2020-02-04,0.057965099669420525
2020-02-05,0.062025921628759834
2020-02-06,0.06358261863255538
2020-02-07,0.06403544060744222
2020-02-08,0.06478269403810313
2020-02-09,0.06727029973705231
2020-02-10,0.06438040155397619
2020-02-11,0.06802824209845089
2020-02-12,0.06888529999941698
2020-02-13,0.0680826584731154
2020-02-14,0.06903397330876823
2020-02-15,0.06490124399719369
2020-02-16,0.06514028735732706
2020-02-17,0.06289658362339204
2020-02-18,0.0673373484844068
2020-02-19,0.06200260032533218
2020-02-20,0.06193457985700154
2020-02-21,0.06273236277842235
2020-02-22,0.062452507137290586
2020-02-23,0.06524134633884689
2020-02-24,0.06252052760562123
2020-02-25,0.059163231633015984
2020-02-26,0.05414040590728615
2020-02-27,0.05431823084592198
2020-02-28,0.05314147674380189
2020-02-29,0.051646969882480076
2020-03-01,0.05161101620636245
2020-03-02,0.055155854327365014
2020-03-03,0.05376240644756303
2020-03-04,0.0537283962133977
2020-03-05,0.05666688044528141
2020-03-06,0.057390812572514674
2020-03-07,0.054990661761419174
2020-03-08,0.04669507978800935
2020-03-09,0.04571266988111966
2020-03-10,0.045306490513088105
2020-03-11,0.04573307602161886
2020-03-12,0.015521299152076277
2020-03-13,0.02288985931423708
2020-03-14,0.018987427874010546
2020-03-15,0.020771507586225667
2020-03-16,0.01750360994342641
2020-03-17,0.01974925711931374
2020-03-18,0.02072389325839421
2020-03-19,0.02860066349108252
2020-03-20,0.028924246576141142
2020-03-21,0.028738647869696106
2020-03-22,0.025200611795526594
2020-03-23,0.03148570306927788
2020-03-24,0.034164737800529005
2020-03-25,0.033526317119197124
2020-03-26,0.03397525221017937
2020-03-27,0.03055770953705269
2020-03-28,0.029200215333368314
2020-03-29,0.025864297222238417
2020-03-30,0.030728732428855453
2020-03-31,0.03093765243872814
2020-04-01,0.03313374184483171
2020-04-02,0.034707929826197984
2020-04-03,0.03408019807560378
2020-04-04,0.03526083906162848
2020-04-05,0.03443779139482772
2020-04-06,0.03987554197737446
2020-04-07,0.03844614042145482
2020-04-08,0.040156369339482384
2020-04-09,0.03945478679470063
2020-04-10,0.03531622715726916
2020-04-11,0.03536189804314831
2020-04-12,0.03584581508927201
2020-04-13,0.03510439198446802
2020-04-14,0.03519767719817861
2020-04-15,0.03304240007307342
2020-04-16,0.037478306329207414
2020-04-17,0.0369943892830837
2020-04-18,0.03888924518658014
2020-04-19,0.03784075825331211
2020-04-20,0.03502859774832816
2020-04-21,0.03511605263618184
2020-04-22,0.03774358615569691
2020-04-23,0.04139337014212391
2020-04-24,0.04154204345147518
2020-04-25,0.04189769332874681
2020-04-26,0.043243526880717365
2020-04-27,0.044089895850945776
2020-04-28,0.04390429714450074
2020-04-29,0.05385471994029746
2020-04-30,0.052475847875137746
2020-05-01,0.05434738247520654
2020-05-02,0.055753462727698516
2020-05-03,0.05496831217896769
2020-05-04,0.05486336631354327
2020-05-05,0.056090649906423276
2020-05-06,0.05755211825455592
2020-05-07,0.06560185482099927
2020-05-08,0.06391494720639938
2020-05-09,0.06147009723040088
2020-05-10,0.053542797506952663
2020-05-11,0.05199776115487094
2020-05-12,0.05427158823906668
2020-05-13,0.058983463252427856
2020-05-14,0.06364480877502911
2020-05-15,0.05917100540082519
2020-05-16,0.05976861380115868
2020-05-17,0.06266628575204403
2020-05-18,0.0631812978694046
2020-05-19,0.06359525100524535
2020-05-20,0.06105905925748857
2020-05-21,0.05665424807259145
2020-05-22,0.057729943193191746
2020-05-23,0.05780087882445084
2020-05-24,0.053439795083480554
2020-05-25,0.055091720742939
2020-05-26,0.05455047215922232
2020-05-27,0.05801562916018044
2020-05-28,0.061641120122203644
2020-05-29,0.06020880340335555
2020-05-30,0.06281010045651451
2020-05-31,0.06050031969620115
2020-06-01,0.06763761026603776
2020-06-02,0.06120773256683984
2020-06-03,0.06256425504954806
2020-06-04,0.06380028413121343
2020-06-05,0.06221443549813334
2020-06-06,0.06258757635297571
2020-06-07,0.06329693266556669
2020-06-08,0.06363995017014834
2020-06-09,0.0635515235613185
2020-06-10,0.06462041663508573
2020-06-11,0.05883284650112429
2020-06-12,0.060614982771387105
2020-06-13,0.060660653657266236
2020-06-14,0.059436285227314686
2020-06-15,0.06021463372921246
2020-06-16,0.061167892006817604
2020-06-17,0.060595548351864065
2020-06-18,0.05985218180510776
2020-06-19,0.05913213656177911
2020-06-20,0.059567467559095214
2020-06-21,0.05896111366997635
2020-06-22,0.06272458901061315
2020-06-23,0.062150301913707295
2020-06-24,0.05901553004464087
2020-06-25,0.05848594211263801
2020-06-26,0.05763568625850499
2020-06-27,0.05616158553768237
2020-06-28,0.057285866707090266
2020-06-29,0.0578825033864476
2020-06-30,0.0573966428983716
2020-07-01,0.05831491922083526
2020-07-02,0.05690786724736713
2020-07-03,0.05673295747165977
2020-07-04,0.05738692568861008
2020-07-05,0.05686802668734489
2020-07-06,0.05937506680581711
2020-07-07,0.058568538395610936
2020-07-08,0.060258361173139305
2020-07-09,0.05837127903745208
2020-07-10,0.05885130919967117
2020-07-11,0.05834795773402442
2020-07-12,0.05900386939292704
2020-07-13,0.058448044994568085
2020-07-14,0.05854327365023097
2020-07-15,0.05801174227627583
2020-07-16,0.05739567117739544
2020-07-17,0.057594873977506594
2020-07-18,0.0577348017980725
2020-07-19,0.05810211232705796
2020-07-20,0.05765900756193264
2020-07-21,0.05984440803729854
2020-07-22,0.0610726633511547
2020-07-23,0.061907371669669295
2020-07-24,0.06139041611035641
2020-07-25,0.06292282008974816
2020-07-26,0.06514223079927937
2020-07-27,0.07573690460226488
2020-07-28,0.07462622752652313
2020-07-29,0.07654440473344722
2020-07-30,0.07645014779876048
2020-07-31,0.07875506995419307
2020-08-01,0.08331924337917913
2020-08-02,0.07616446183177178
2020-08-03,0.07769589409018737
2020-08-04,0.07731012086265503
2020-08-05,0.08265847311539576
2020-08-06,0.08287225173014921
2020-08-07,0.08126794039852221
2020-08-08,0.08294221564043214
2020-08-09,0.08213471550924982
2020-08-10,0.08415589513964604
2020-08-11,0.07930895091059972
2020-08-12,0.08092978149882131
2020-08-13,0.08300634922485818
2020-08-14,0.08281103330865162
2020-08-15,0.08372930963111529
2020-08-16,0.08425112379530893
2020-08-17,0.08797864545982809
2020-08-18,0.08472338018971881
2020-08-19,0.08280520298279472
2020-08-20,0.08384202926434892
2020-08-21,0.08065769962549875
2020-08-22,0.08194134303499556
2020-08-23,0.08174991400269362
2020-08-24,0.08283726977500773
2020-08-25,0.078671501950244
2020-08-26,0.08000761829245302
2020-08-27,0.07869676669562395
2020-08-28,0.080640208647928
2020-08-29,0.08006397810906986
2020-08-30,0.08233683347228944
2020-08-31,0.08177517874807358
2020-09-01,0.08440562743051709
2020-09-02,0.07953147501413854
2020-09-03,0.0674384074659266
2020-09-04,0.07038952407050031
2020-09-05,0.06669406919819416
2020-09-06,0.06867832343149659
2020-09-07,0.06946055881729897
2020-09-08,0.06702834121399046
2020-09-09,0.06798062777061945
2020-09-10,0.06909907861417042
2020-09-11,0.0695897977071272
2020-09-12,0.07009217745179779
2020-09-13,0.06896595284043759
2020-09-14,0.0723601742101366
2020-09-15,0.07342906728390383
2020-09-16,0.07502463312674545
2020-09-17,0.07494495200670098
2020-09-18,0.07486429916568037
2020-09-19,0.07631021997819458
2020-09-20,0.0747525512534229
2020-09-21,0.06984827548678361
2020-09-22,0.07096283944643
2020-09-23,0.06810403633459074
2020-09-24,0.07298304735585005
2020-09-25,0.07249135654191713
2020-09-26,0.07287129944359257
2020-09-27,0.07334064067507401
2020-09-28,0.07253411226486783
2020-09-29,0.07396934414664436
2020-09-30,0.07333966895409785
2020-10-01,0.0718276711152053
2020-10-02,0.07135930160470001
2020-10-03,0.07108624801040131
2020-10-04,0.07233685290670895
2020-10-05,0.07346987956490222
2020-10-06,0.0716537330604741
2020-10-07,0.07231741848718591
2020-10-08,0.07477781599880284
2020-10-09,0.07604202498877663
2020-10-10,0.07841496761253987
2020-10-11,0.07912043704122623
2020-10-12,0.08070337051137788
2020-10-13,0.0796335057166345
2020-10-14,0.07960046720344534
2020-10-15,0.08040310872974692
2020-10-16,0.07864429376291175
2020-10-17,0.07903395387434871
2020-10-18,0.08044100584781684
2020-10-19,0.08283629805403157
2020-10-20,0.08439202333685097
2020-10-21,0.0930908695153639
2020-10-22,0.09470295461480009
2020-10-23,0.09430940761945854
2020-10-24,0.0960886287267929
2020-10-25,0.09526266589706366
2020-10-26,0.09554835186405235
2020-10-27,0.1013417523238707
2020-10-28,0.0976599015452307
2020-10-29,0.09939248004570976
2020-10-30,0.1003904374882179
2020-10-31,0.10269730308560278
2020-11-01,0.10232902083564117
2020-11-02,0.10040501330286015
2020-11-03,0.10486035397851719
2020-11-04,0.1060818072455403
2020-11-05,0.12008916511677172
2020-11-06,0.11999976678696574
2020-11-07,0.11271671807070631
2020-11-08,0.11908440562743054
2020-11-09,0.11756366229975261
2020-11-10,0.11733433614938073
2020-11-11,0.12114542581784897
2020-11-12,0.12696506274402342
2020-11-13,0.1272517204319883
2020-11-14,0.12479132292037136
2020-11-15,0.12364469216851197
2020-11-16,0.13105697977459962
2020-11-17,0.1402543188138785
2020-11-18,0.14134556147009725
2020-11-19,0.14162638883220519
2020-11-20,0.15009688058132237
2020-11-21,0.1502134870984606
2020-11-22,0.1475480564608756
2020-11-23,0.14722447337581696
2020-11-24,0.15473587652147214
2020-11-25,0.15056136320792302
2020-11-26,0.13539279877018995
2020-11-27,0.13505366814951286
2020-11-28,0.1409189759615665
2020-11-29,0.14533836296110592
2020-11-30,0.1600366144463814
2020-12-01,0.15102487411354754
2020-12-02,0.15537915580768474
2020-12-03,0.15746349730153086
2020-12-04,0.14993071629440036
2020-12-05,0.15467660154192686
2020-12-06,0.1569445983002657
2020-12-07,0.15491175801815565
2020-12-08,0.1467094612584564
2020-12-09,0.14884141708013393
2020-12-10,0.1459379148033917
2020-12-11,0.14376514670071577
2020-12-12,0.15139607152643764
2020-12-13,0.15497103299770093
2020-12-14,0.15591360234456836
2020-12-15,0.1574790448371493
2020-12-16,0.17610985111291205
2020-12-17,0.19042524453358367
2020-12-18,0.19336470048644355
2020-12-19,0.20032319439666818
2020-12-20,0.19673657227369107
2020-12-21,0.18948364690769237
2020-12-22,0.20012107643362853
2020-12-23,0.19462793775544118
2020-12-24,0.19927859434730477
2020-12-25,0.20854006697100969
2020-12-26,0.22568899875814058
2020-12-27,0.22381260555319105
2020-12-28,0.2315523631282419
2020-12-29,0.23464437927435766
2020-12-30,0.24914925828537893
2020-12-31,0.2499334371131336
2021-01-01,0.25392235172023764
2021-01-02,0.28145509385852907
2021-01-03,0.288894589651949
2021-01-04,0.2797963661522376
2021-01-05,0.2989285804516948
2021-01-06,0.326153287040546
2021-01-07,0.3520690854745205
2021-01-08,0.36313795911386826
2021-01-09,0.35879047946656406
2021-01-10,0.3397476634969128
2021-01-11,0.31401746376938344
2021-01-12,0.29975065639751935
2021-01-13,0.3318767235900814
2021-01-14,0.349304539297368
2021-01-15,0.326664412274002
2021-01-16,0.31863508184805783
2021-01-17,0.3168869558119603
2021-01-18,0.32440418928347237
2021-01-19,0.3184737761660166
2021-01-20,0.3133566935056001
2021-01-21,0.2683252000287629
2021-01-22,0.2892988255780282
2021-01-23,0.28044061715942636
2021-01-24,0.28192151992708203
2021-01-25,0.28202840923445877
2021-01-26,0.28445576823288654
2021-01-27,0.26406809043224094
2021-01-28,0.2929359771917653
2021-01-29,0.3019438306406945
2021-01-30,0.30176211881815407
2021-01-31,0.2903443973483678
2021-02-01,0.2943051320471634
2021-02-02,0.3134431766724775
2021-02-03,0.33444789729297975
2021-02-04,0.32798886796449717
2021-02-05,0.34077185740577703
2021-02-06,0.35009066156707497
2021-02-07,0.34616782398634927
2021-02-08,0.4194627937755441
2021-02-09,0.42055986675761975
2021-02-10,0.404306861710501
2021-02-11,0.43496174334516885
2021-02-12,0.42894679050278783
2021-02-13,0.42697419692119926
2021-02-14,0.4413041661565132
2021-02-15,0.4344331271341422
2021-02-16,0.44641833365400124
2021-02-17,0.4746905554551443
2021-02-18,0.4698611022036688
2021-02-19,0.511882204096387
2021-02-20,0.512048368383309
2021-02-21,0.5267223268441807
2021-02-22,0.49444175601641044
2021-02-23,0.44390643493064824
2021-02-24,0.45154707696613167
2021-02-25,0.4246401231364821
2021-02-26,0.4189759615664919
2021-02-27,0.4169460364473104
2021-02-28,0.40749410651227963
2021-03-01,0.4505559215704566
2021-03-02,0.43917415377678787
2021-03-03,0.45832580249576815
2021-03-04,0.4392110791738817
2021-03-05,0.44275300213195584
2021-03-06,0.44336615806790775
2021-03-07,0.4640317480677329
2021-03-08,0.4769430046778648
2021-03-09,0.5018967993454488
2021-03-10,0.5113506727224318
2021-03-11,0.5302759104539687
2021-03-12,0.5250830335574123
2021-03-13,0.5632736113621392
2021-03-14,0.5430462675225586
2021-03-15,0.5107618098108837
2021-03-16,0.5214351930129375
2021-03-17,0.5411008821283022
2021-03-18,0.5288814908531905
2021-03-19,0.5330793254701672
2021-03-20,0.5331317984028795
2021-03-21,0.5262364663561048
2021-03-22,0.49489360627032114
2021-03-23,0.4977524093821604
2021-03-24,0.47708293249843065
2021-03-25,0.46733559938664976
2021-03-26,0.5034233729989837
2021-03-27,0.5114575620298086
2021-03-28,0.510508190636108
2021-03-29,0.5284947459046819
2021-03-30,0.5397190949002141
2021-03-31,0.5396452441060264
2021-04-01,0.5392040827828535
2021-04-02,0.5417208401110872
2021-04-03,0.5230890621143484
2021-04-04,0.5341666812424813
2021-04-05,0.5418772871882477
2021-04-06,0.5321882573350358
2021-04-07,0.512291298627347
2021-04-08,0.5329763230466952
2021-04-09,0.5333776438098459
2021-04-10,0.5492137805581955
2021-04-11,0.5514516539662735
2021-04-12,0.550335146564675
2021-04-13,0.586066298578761
2021-04-14,0.5806198025074288
2021-04-15,0.582909177127243
2021-04-16,0.5650654648421634
2021-04-17,0.5520657816232016
2021-04-18,0.5148022256297238
2021-04-19,0.509350870953511
2021-04-20,0.5174851472448796
2021-04-21,0.49160821764995105
2021-04-22,0.4712924472015408
2021-04-23,0.46559913400226605
2021-04-24,0.4553503928667907
2021-04-25,0.4444156167221519
2021-04-26,0.49355457476518366
2021-04-27,0.5034272598828883
2021-04-28,0.5015314322584157
2021-04-29,0.4890875734378128
2021-04-30,0.5295063074408562
2021-05-01,0.5303497612481562
2021-05-02,0.518657042742119
2021-05-03,0.5241569834671393
2021-05-04,0.49084347324171945
2021-05-05,0.5267952059173922
2021-05-06,0.5167291483254333
2021-05-07,0.5257836443812178
2021-05-08,0.5403876389318066
2021-05-09,0.5345398220973238
2021-05-10,0.5113215210931473
2021-05-11,0.5195500543192026
2021-05-12,0.4485026751478473
2021-05-13,0.4516160691554384
2021-05-14,0.452929835915196
2021-05-15,0.4225052521518761
2021-05-16,0.4197611121152228
2021-05-17,0.3917259902322608
2021-05-18,0.38546810714584173
2021-05-19,0.3254468458908835
2021-05-20,0.3642836181447514
2021-05-21,0.33105270420230454
2021-05-22,0.33251903115531795
2021-05-23,0.305615964209573
2021-05-24,0.34517375342774576
2021-05-25,0.3415560362335318
2021-05-26,0.3500187542148397
2021-05-27,0.34193500741423105
2021-05-28,0.3151660379631951
2021-05-29,0.30469185756125244
2021-05-30,0.31507178102850836
2021-05-31,0.33106436485401836
2021-06-01,0.3251271496897295
2021-06-02,0.3335636312046814
2021-06-03,0.34941725893060166
2021-06-04,0.3267178569276904
2021-06-05,0.31378133557217847
2021-06-06,0.31665179933573157
2021-06-07,0.2949105142153062
2021-06-08,0.2930146865908336
2021-06-09,0.3313908631020054
2021-06-10,0.32475595227683945
2021-06-11,0.3312198402102027
2021-06-12,0.31327118205969867
2021-06-13,0.3478197496458077
2021-06-14,0.36245872615153796
2021-06-15,0.3588312917475624
2021-06-16,0.34114499826061945
2021-06-17,0.3383853106883477
2021-06-18,0.3160104634914712
2021-06-19,0.31371720198775244
2021-06-20,0.31451790007210173
2021-06-21,0.276583856605079
2021-06-22,0.2844003801372459
2021-06-23,0.2958462815153406
2021-06-24,0.3054808949938879
2021-06-25,0.27563157004845
2021-06-26,0.2819419260675813
2021-06-27,0.30560430355785917
2021-06-28,0.3036355968601752
2021-06-29,0.31683934148412884
2021-06-30,0.30898977943877287
2021-07-01,0.29457624219950984
2021-07-02,0.297197945393168
2021-07-03,0.30622912014552495
2021-07-04,0.31162605844707325
2021-07-05,0.2959774638471211
2021-07-06,0.30120337925686663
2021-07-07,0.29772656160419475
2021-07-08,0.28799477602803225
2021-07-09,0.2970424700369837
2021-07-10,0.2942555742773797
2021-07-11,0.30122378539736583
2021-07-12,0.29039201167619927
2021-07-13,0.2866518576389901
2021-07-14,0.28755167126290687
2021-07-15,0.2780268622546647
2021-07-16,0.27368812809614596
2021-07-17,0.2748988924324314
2021-07-18,0.277491443996805
2021-07-19,0.2682775857009315
2021-07-20,0.2581386490357613
2021-07-21,0.280853598574291
2021-07-22,0.28248123120934565
2021-07-23,0.29515635962227266
2021-07-24,0.2973087215844494
2021-07-25,0.31252878723391847
2021-07-26,0.3308505862392649
2021-07-27,0.35198940435447607
2021-07-28,0.357345530375026
2021-07-29,0.3573280393974553
2021-07-30,0.37872533529232283
2021-07-31,0.3724120641102631
2021-08-01,0.3561318508758121
2021-08-02,0.3492336036661089
2021-08-03,0.3391461682126748
2021-08-04,0.3547578374155332
2021-08-05,0.36574119960897944
2021-08-06,0.3844779234711428
2021-08-07,0.4021515845853958
2021-08-08,0.39416986848728314
2021-08-09,0.41838029660811077
2021-08-10,0.41167056326778106
2021-08-11,0.41138390557981624
2021-08-12,0.40010319676766737
2021-08-13,0.4331970980524768
2021-08-14,0.4261268562299947
2021-08-15,0.4252503639095056
2021-08-16,0.41558174019679295
2021-08-17,0.40290369662093745
2021-08-18,0.40321659077525845
2021-08-19,0.4229629327316437
2021-08-20,0.44791769912020385
2021-08-21,0.4435624457050905
2021-08-22,0.4472423530417782
2021-08-23,0.45001370126576373
2021-08-24,0.43227979345098927
2021-08-25,0.4447158785037829
2021-08-26,0.4236985255105908
2021-08-27,0.44539413974513703
2021-08-28,0.4437694222730108
2021-08-29,0.4426062722645569
2021-08-30,0.4252639680031717
2021-08-31,0.426602027787333
2021-09-01,0.4430143950745407
2021-09-02,0.4474347537950563
2021-09-03,0.45447681570923
2021-09-04,0.45369360860245145
2021-09-05,0.4716723901032162
2021-09-06,0.4804518891227498
2021-09-07,0.42319323060299174
2021-09-08,0.4162143305522679
2021-09-09,0.4193646499569528
2021-09-10,0.40437293873687935
2021-09-11,0.40747370037178043
2021-09-12,0.4162230760410533
2021-09-13,0.40540976501843357
2021-09-14,0.4260879873909486
2021-09-15,0.4363211809908056
2021-09-16,0.4326033765360479
2021-09-17,0.42808293055498875
2021-09-18,0.4380323816298093
2021-09-19,0.42765440160450563
2021-09-20,0.3852086576452091
2021-09-21,0.3636432540214673
2021-09-22,0.3918260774928044
2021-09-23,0.40462947307458347
2021-09-24,0.3847159951103001
2021-09-25,0.38342263449104175
2021-09-26,0.38844254505384307
2021-09-27,0.378426045231668
2021-09-28,0.3672483388429913
2021-09-29,0.3722478432652935
2021-09-30,0.39446624338500946
2021-10-01,0.436470826021133
2021-10-02,0.4318153108243887
2021-10-03,0.4369965270692312
2021-10-04,0.44697804493626486
2021-10-05,0.46876402922159327
2021-10-06,0.506213183921516
2021-10-07,0.491255482935608
2021-10-08,0.4925264939724147
2021-10-09,0.5025138421653054
2021-10-10,0.50003789711807
2021-10-11,0.5271450254688069
2021-10-12,0.5129442951233212
2021-10-13,0.526200512679987
2021-10-14,0.525867212385167
2021-10-15,0.5679106638603365
2021-10-16,0.560026119859839
2021-10-17,0.5665016684449161
2021-10-18,0.571640128966808
2021-10-19,0.5932337124988583
2021-10-20,0.6097587994192997
2021-10-21,0.573135607549106
2021-10-22,0.5583664204325715
2021-10-23,0.5644124683461893
2021-10-24,0.5600785927925512
2021-10-25,0.5814613128727765
2021-10-26,0.5546787393280744
2021-10-27,0.5364813206076755
2021-10-28,0.5573189052202795
2021-10-29,0.5734523885873316
2021-10-30,0.5695392682163674
2021-10-31,0.5643842884378808
2021-11-01,0.5605527926289134
2021-11-02,0.5829645652228836
2021-11-03,0.5800183072231908
2021-11-04,0.5653851610433174
2021-11-05,0.5611261080048432
2021-11-06,0.5660779980993138
2021-11-07,0.583465001525602
2021-11-08,0.6248088138979421
2021-11-09,0.6187501336116342
2021-11-10,0.5995897394038686
2021-11-11,0.5983663426948933
2021-11-12,0.5918344342931994
2021-11-13,0.5944007493912169
2021-11-14,0.6051829653425997
2021-11-15,0.5866201795351677
2021-11-16,0.5525244339239453
2021-11-17,0.5552326202844812
2021-11-18,0.5220726419732933
2021-11-19,0.5330346263052643
2021-11-20,0.5489144904975406
2021-11-21,0.5391652139438075
2021-11-22,0.5157904658624705
2021-11-23,0.5280769058849366
2021-11-24,0.5241754461656862
2021-11-25,0.541310773859151
2021-11-26,0.4907404708182474
2021-11-27,0.5007977829214209
2021-11-28,0.5253395678951164
2021-11-29,0.5302302395680896
2021-11-30,0.5213691159865592
2021-12-01,0.524550530462481
2021-12-02,0.517609527529827
2021-12-03,0.4897745801679522
2021-12-04,0.44666612250292
2021-12-05,0.4487096517157677
2021-12-06,0.459948576525942
2021-12-07,0.46027021616904834
2021-12-08,0.459091518624976
2021-12-09,0.43113219097815375
2021-12-10,0.42666810481371137
2021-12-11,0.4478253856274694
2021-12-12,0.45527362690967466
2021-12-13,0.42245472266111617
2021-12-14,0.43861347077354823
2021-12-15,0.44352066170311594
2021-12-16,0.43143925480661777
2021-12-17,0.41729099739384434
2021-12-18,0.42393756887072415
2021-12-19,0.42246346814990154
2021-12-20,0.42431654005142344
2021-12-21,0.4438170366008423
2021-12-22,0.4408795240899347
2021-12-23,0.46227001793796924
2021-12-24,0.46212523151252255
2021-12-25,0.45843560696607333
2021-12-26,0.46206498481200114
2021-12-27,0.4610767445792545
2021-12-28,0.4306327263964116
2021-12-29,0.4201041296198044
2021-12-30,0.42653303559802624
2021-12-31,0.41775062141556424
2022-01-01,0.43250620443843274
2022-01-02,0.4283647296380728
2022-01-03,0.41979803751231654
2022-01-04,0.41403670384471125
2022-01-05,0.39060462422578135
2022-01-06,0.38741349254009805
2022-01-07,0.37234404364193247
2022-01-08,0.37356161002505095
2022-01-09,0.375274754106007
2022-01-10,0.37511830702884646
2022-01-11,0.3838735130239762
2022-01-12,0.39522127058347956
2022-01-13,0.38219049229328095
2022-01-14,0.3871783360638693
2022-01-15,0.3874086339352173
2022-01-16,0.3872346958804861
2022-01-17,0.3787826668299158
2022-01-18,0.38029174950587985
2022-01-19,0.37361796984166784
2022-01-20,0.36427098577206146
2022-01-21,0.32306612949931107
2022-01-22,0.3094591206702542
2022-01-23,0.32106438428843787
2022-01-24,0.32511451731703955
2022-01-25,0.3276827758570093
2022-01-26,0.326223250950829
2022-01-27,0.3297593435830462
2022-01-28,0.3354030990125371
2022-01-29,0.33953971520801635
2022-01-30,0.3370802894173755
2022-01-31,0.34272501656784266
2022-02-01,0.3447763195484995
2022-02-02,0.32709585638741345
2022-02-03,0.330959418988594
2022-02-04,0.37254713332594824
2022-02-05,0.3710361072080318
2022-02-06,0.38055994449529784
2022-02-07,0.3945692458084816
2022-02-08,0.39655447176276015
2022-02-09,0.3999622972261253
2022-02-10,0.3915287308741019
2022-02-11,0.3805230190982041
2022-02-12,0.37874282626989353
2022-02-13,0.37734257634325846
2022-02-14,0.3820962353585942
2022-02-15,0.40147332334404173
2022-02-16,0.3950521911336291
2022-02-17,0.36268610885995756
2022-02-18,0.3573154070247653
2022-02-19,0.3581918993452544
2022-02-20,0.34132962524608834
2022-02-21,0.3283348006320073
2022-02-22,0.34029182724355794
2022-02-23,0.33034529133166585
2022-02-24,0.3411760933318563
2022-02-25,0.3496339527082835
2022-02-26,0.3487195632697245
2022-02-27,0.334858935265892
2022-02-28,0.38829484346546794
2022-03-01,0.40026741761263707
2022-03-02,0.39533593365866554
2022-03-03,0.38124792294641346
2022-03-04,0.3489838713752378
2022-03-05,0.35144329716587863
2022-03-06,0.34179702303561743
2022-03-07,0.3381210025828344
2022-03-08,0.345117393611129
2022-03-09,0.3760589329337617
2022-03-10,0.3516424999659898
2022-03-11,0.3449755223486107
2022-03-12,0.3457927396895546
2022-03-13,0.33586272303425707
2022-03-14,0.3541184450132251
2022-03-15,0.3503734323711352
2022-03-16,0.3681850778640018
2022-03-17,0.3662037387936279
2022-03-18,0.3744925187202046
2022-03-19,0.37901296470126383
2022-03-20,0.36971359495948897
2022-03-21,0.3672454236800628
2022-03-22,0.38037337406787664
2022-03-23,0.38561095012933605
2022-03-24,0.39630959807676985
2022-03-25,0.3993996707809333
2022-03-26,0.4015083052991832
2022-03-27,0.42396477705805646
2022-03-28,0.4263552106593904
2022-03-29,0.42969793081735336
2022-03-30,0.42606369436654484
2022-03-31,0.41100201923618845
2022-04-01,0.4185037051720821
2022-04-02,0.4137811412279832
2022-04-03,0.4195725982458493
2022-04-04,0.4217298188129068
2022-04-05,0.41081739225071956
2022-04-06,0.38814714187709287
2022-04-07,0.3908193745615109
2022-04-08,0.37942108751124765
2022-04-09,0.3842019547139156
2022-04-10,0.3780898297739194
2022-04-11,0.35242667879374445
2022-04-12,0.35807237766518774
2022-04-13,0.36832403396359154
2022-04-14,0.3566925338790518
2022-04-15,0.36275607277024047
2022-04-16,0.3610264094326899
2022-04-17,0.3544284240046176
2022-04-18,0.3651173547422899
2022-04-19,0.371919401575354
2022-04-20,0.3706075782575488
2022-04-21,0.3619981304088419
2022-04-22,0.35448672726318675
2022-04-23,0.35165901922258436
2022-04-24,0.3521060108716143
2022-04-25,0.36146368387195826
2022-04-26,0.3389780604838004
2022-04-27,0.3499585075143183
2022-04-28,0.35486569844388605
2022-04-29,0.3435257146521919
2022-04-30,0.3344789923642166
2022-05-01,0.3423596494808095
2022-05-02,0.34287466159817004
2022-05-03,0.33513976262799994
2022-05-04,0.3542826658581948
2022-05-05,0.3237317583679752
2022-05-06,0.31853305114556185
2022-05-07,0.3132760406645794
2022-05-08,0.2995942093203589
2022-05-09,0.26106547261593116
2022-05-10,0.2699324265233184
2022-05-11,0.2510878416328022
2022-05-12,0.25019191489279
2022-05-13,0.25318870238324287
2022-05-14,0.26092360135341297
2022-05-15,0.27285925010348827
2022-05-16,0.2586750390145972
2022-05-17,0.26439361695925184
2022-05-18,0.24735157447949768
2022-05-19,0.2631148321546358
2022-05-20,0.25216062159047403
2022-05-21,0.2546482272894232
2022-05-22,0.26292729000623843
2022-05-23,0.25133174359781635
2022-05-24,0.2567286818993647
2022-05-25,0.2556782515241443
2022-05-26,0.2524025801135359
2022-05-27,0.24654990467417226
2022-05-28,0.2506884643116037
2022-05-29,0.2549455739081257
2022-05-30,0.2768880052706146
2022-05-31,0.27756918167489714
2022-06-01,0.2581843199216404
2022-06-02,0.26456852673495923
2022-06-03,0.25723592024891606
2022-06-04,0.25882371232394846
2022-06-05,0.2592969404393345
2022-06-06,0.2734315937584418
2022-06-07,0.2711111240673908
2022-06-08,0.2621013271765092
2022-06-09,0.2610926808032634
2022-06-10,0.2512345715002011
2022-06-11,0.24462784058334353
2022-06-12,0.2271650429209155
2022-06-13,0.1867579695695859
2022-06-14,0.183933176691912
2022-06-15,0.1880202351176074
2022-06-16,0.1667269133671881
2022-06-17,0.16729051153335628
2022-06-18,0.1531218479800836
2022-06-19,0.16857901354773386
2022-06-20,0.1685313992199024
2022-06-21,0.16997051798558355
2022-06-22,0.16263791149954038
2022-06-23,0.1736659728578897
2022-06-24,0.17489228472979357
2022-06-25,0.1774479108970734
2022-06-26,0.17311014845953077
2022-06-27,0.17006574664124646
2022-06-28,0.165671624387087
2022-06-29,0.16405176551984157
2022-06-30,0.16225699687688877
2022-07-01,0.1558076847581678
2022-07-02,0.15561625572586585
2022-07-03,0.15626439361695926
2022-07-04,0.1650672139399204
2022-07-05,0.16491951235154534
2022-07-06,0.16842256647057335
2022-07-07,0.17888508622080224
2022-07-08,0.1786266084411458
2022-07-09,0.17839631056979777
2022-07-10,0.17120460362529666
2022-07-11,0.16261264675416043
2022-07-12,0.15646845502195122
2022-07-13,0.16539954251376443
2022-07-14,0.1686645249936352
2022-07-15,0.1709879098476147
2022-07-16,0.17472709216384774
2022-07-17,0.17060408006203465
2022-07-18,0.18751396848903218
2022-07-19,0.19610786880212072
2022-07-20,0.19421301289862425
2022-07-21,0.19360860245145767
2022-07-22,0.18896571962740333
2022-07-23,0.18687846297062877
2022-07-24,0.1880610473986058
2022-07-25,0.17562107546190758
2022-07-26,0.17510411990259472
2022-07-27,0.1917166617108897
2022-07-28,0.20038149765523727
2022-07-29,0.1996459048762902
2022-07-30,0.1982845237887012
2022-07-31,0.19507007079959032
2022-08-01,0.19475717664526937
2022-08-02,0.19201109316666376
2022-08-03,0.19038054536868065
2022-08-04,0.18835256369145137
2022-08-05,0.19511671340644565
2022-08-06,0.19157964905325225
2022-08-07,0.19382529622913958
2022-08-08,0.20005402768627406
2022-08-09,0.19354738402996013
2022-08-10,0.20147857063731295
2022-08-11,0.20121037564789496
2022-08-12,0.20571333065138347
2022-08-13,0.20613894443893804
2022-08-14,0.20478145023525363
2022-08-15,0.20282731935221193
2022-08-16,0.20044757468161561
2022-08-17,0.1954062862573389
2022-08-18,0.19410029326539058
2022-08-19,0.17104815654813615
2022-08-20,0.1740371702707798
2022-08-21,0.1777131907235629
2022-08-22,0.17673272425862546
2022-08-23,0.1777131907235629
2022-08-24,0.1762361748398118
2022-08-25,0.17818156023406817
2022-08-26,0.1653985707927883
2022-08-27,0.16329965348429992
2022-08-28,0.15859943912265256
2022-08-29,0.16584459072084207
2022-08-30,0.16095489076884506
2022-08-31,0.16339682558191515
2022-09-01,0.16419558022431208
2022-09-02,0.1625106160516645
2022-09-03,0.1613319185075921
2022-09-04,0.16296926835240821
2022-09-05,0.1609597493737258
2022-09-06,0.15117743430680342
2022-09-07,0.15598842485973208
2022-09-08,0.15633727269017067
2022-09-09,0.1762361748398118
2022-09-10,0.1790075230637974
2022-09-11,0.18080034826479785
2022-09-12,0.1862458726151538
2022-09-13,0.16467561038653117
2022-09-14,0.16513231924532262
2022-09-15,0.1600715964015229
2022-09-16,0.16105011942450798
2022-09-17,0.1640731433813169
2022-09-18,0.1573225977599888
2022-09-19,0.1584896346523474
2022-09-20,0.15201311434629416
2022-09-21,0.1482875361237273
2022-09-22,0.1571787830555183
2022-09-23,0.15610503137687032
2022-09-24,0.15252618302170246
2022-09-25,0.15134068343079699
2022-09-26,0.15544620455503927
2022-09-27,0.15404012430254727
2022-09-28,0.15724680352384895
2022-09-29,0.15901533570044563
2022-09-30,0.1573634100409872
2022-10-01,0.15628382803648233
2022-10-02,0.1537602686614155
2022-10-03,0.15935835320502728
2022-10-04,0.16627603483425357
2022-10-05,0.16450070061082384
2022-10-06,0.16254948489071058
2022-10-07,0.15841578385815985
2022-10-08,0.15728567236289503
2022-10-09,0.15753831981669458
2022-10-10,0.15456096674576475
2022-10-11,0.15382731740876998
2022-10-12,0.15475725438294746
2022-10-13,0.1569436265792895
2022-10-14,0.15501961904650852
2022-10-15,0.15392060262248058
2022-10-16,0.1557979675484063
2022-10-17,0.15858000470312955
2022-10-18,0.1564422185555951
2022-10-19,0.1544569926013165
2022-10-20,0.15366989861063335
2022-10-21,0.1548330486190873
2022-10-22,0.1552431148710235
2022-10-23,0.15880350052764453
2022-10-24,0.1564742853478081
2022-10-25,0.16377385332066213
2022-10-26,0.1704476329848742
2022-10-27,0.16581641081253368
2022-10-28,0.168746149555632
2022-10-29,0.17083923653826344
2022-10-30,0.1690561285470245
2022-10-31,0.16779289127802688
2022-11-01,0.1676685109930794
2022-11-02,0.16447057726056313
2022-11-03,0.16497587216816217
2022-11-04,0.1741051907391104
2022-11-05,0.1756181602989791
2022-11-06,0.17187411937786534
2022-11-07,0.16869367662291979
2022-11-08,0.14866067697856966
2022-11-09,0.12300238460327549
2022-11-10,0.1395430190593352
2022-11-11,0.13430349955592352
2022-11-12,0.13182852622966434
2022-11-13,0.12725463559491673
2022-11-14,0.13006485265794843
2022-11-15,0.13279927548484016
2022-11-16,0.1293535529034051
2022-11-17,0.1308179364144662
2022-11-18,0.1303038960180818
2022-11-19,0.13089567409255837
2022-11-20,0.12688732506593126
2022-11-21,0.1219266894826752
2022-11-22,0.12617019498553106
2022-11-23,0.1301639681975159
2022-11-24,0.12994338753592938
2022-11-25,0.12907952758813024
2022-11-26,0.12853730728343743
2022-11-27,0.12823704550180642
2022-11-28,0.12615853433381724
2022-11-29,0.12838086020627693
2022-11-30,0.13541126146873683
2022-12-01,0.13354652891550112
2022-12-02,0.13472814162250196
2022-12-03,0.13269627306136805
2022-12-04,0.1349127686079708
2022-12-05,0.13349308426181272
2022-12-06,0.13468635762052739
2022-12-07,0.13221721462012515
2022-12-08,0.1360117850319988
2022-12-09,0.1350400640558468
2022-12-10,0.13505463987048905
2022-12-11,0.13472522645957347
2022-12-12,0.13586311172264753
2022-12-13,0.14138443030914333
2022-12-14,0.1415573966428984
2022-12-15,0.137278909184901
2022-12-16,0.13021935629315656
2022-12-17,0.13165264473298077
2022-12-18,0.13130282518156605
2022-12-19,0.1283896056950623
2022-12-20,0.13287409800000388
2022-12-21,0.13218417610693595
2022-12-22,0.1320753433576069
2022-12-23,0.13167207915250384
2022-12-24,0.13223664903964816
2022-12-25,0.13218417610693595
2022-12-26,0.13302277130935514
2022-12-27,0.13096272283991284
2022-12-28,0.12940894099904576
2022-12-29,0.1302854333195349
2022-12-30,0.13000169079449853
2022-12-31,0.1293234295531444
2023-01-01,0.13011052354382757
2023-01-02,0.1306537155694965
2023-01-03,0.13065274384852038
2023-01-04,0.1323814354650948
2023-01-05,0.13216474168741293
2023-01-06,0.13334149578953303
2023-01-07,0.13327056015827393
2023-01-08,0.13497495875044457
2023-01-09,0.13556868026687346
2023-01-10,0.13808543759510716
2023-01-11,0.14297513754710417
2023-01-12,0.15180808122032607
2023-01-13,0.1622608837607934
2023-01-14,0.17228127046687308
2023-01-15,0.17151944122156987
2023-01-16,0.17447735987297663
2023-01-17,0.17401967929320905
2023-01-18,0.16948660093945983
2023-01-19,0.17347648726754006
2023-01-20,0.18898515404692634
2023-01-21,0.18994229920843608
2023-01-22,0.18928250066562885
2023-01-23,0.19130076513309663
2023-01-24,0.1885507947705864
2023-01-25,0.19265728761580486
2023-01-26,0.19227734471412944
2023-01-27,0.1928467732061545
2023-01-28,0.1923929795102915
2023-01-29,0.19943990002934597
2023-01-30,0.190491321559962
2023-01-31,0.19333749229911124
2023-02-01,0.19917267676090417
2023-02-02,0.19627694825197112
2023-02-03,0.19631193020711263
2023-02-04,0.19526830187872535
2023-02-05,0.19149996793320778
2023-02-06,0.18980722999275096
2023-02-07,0.19456769105491972
2023-02-08,0.19177788013238728
2023-02-09,0.1803883385709094
2023-02-10,0.17885787803346997
2023-02-11,0.1810423067878597
2023-02-12,0.1803329504752687
2023-02-13,0.18019496609665514
2023-02-14,0.18433352573408662
2023-02-15,0.20502535220026785
2023-02-16,0.19736527574526141
2023-02-17,0.20741189891769718
2023-02-18,0.20797452536288924
2023-02-19,0.2047824219562298
2023-02-20,0.2099966767142616
2023-02-21,0.20621862555898252
2023-02-22,0.203652310460965
2023-02-23,0.20122009285765646
2023-02-24,0.1939827150272762
2023-02-25,0.1937358978993336
2023-02-26,0.19755087445170644
2023-02-27,0.19692314270111222
2023-02-28,0.1933899652318235
2023-03-01,0.19836226146679342
2023-03-02,0.19664425878095665
2023-03-03,0.18584843873590762
2023-03-04,0.18577750310464852
2023-03-05,0.18656654053728394
2023-03-06,0.18638871559864817
2023-03-07,0.18432672368725356
2023-03-08,0.17959444253339318
2023-03-09,0.16648592656510242
2023-03-10,0.1644929268430146
2023-03-11,0.16751303563689507
2023-03-12,0.18235413010566492
2023-03-13,0.20295072791618324
2023-03-14,0.20863821078960104
2023-03-15,0.2045861343190471
2023-03-16,0.2115961294410078
2023-03-17,0.23479791118858967
2023-03-18,0.23015988696941603
2023-03-19,0.24030659740239552
2023-03-20,0.23799195803720136
2023-03-21,0.24181568007835957
2023-03-22,0.2335337021986159
2023-03-23,0.24372705523845062
2023-03-24,0.23548200275580067
2023-03-25,0.23561221336660504
2023-03-26,0.24045041210686596
2023-03-27,0.23225200223107134
2023-03-28,0.23353856080349666
2023-03-29,0.24411282846598298
2023-03-30,0.24099457585351114
2023-03-31,0.2453109604295784
2023-04-01,0.24513993753777563
2023-04-02,0.24263484086125575
2023-04-03,0.2387848823537414
2023-04-04,0.24230542745034023
2023-04-05,0.24239385405917002
2023-04-06,0.24106453976379405
2023-04-07,0.23983725617091406
2023-04-08,0.24013654623156888
2023-04-09,0.24388155887365875
2023-04-10,0.256653859384201
2023-04-11,0.26217906485460135
2023-04-12,0.25903846265967806
2023-04-13,0.2639067847501997
2023-04-14,0.26473371930090506
2023-04-15,0.2630536137331382
2023-04-16,0.2631575878775865
2023-04-17,0.25465114245235165
2023-04-18,0.2638562552594398
2023-04-19,0.2486148117484953
2023-04-20,0.24304490711319188
2023-04-21,0.23356382554887656
2023-04-22,0.23889954542892738
2023-04-23,0.2367374662569891
2023-04-24,0.2359396833355683
2023-04-25,0.2436114204422885
2023-04-26,0.24483384543028774
2023-04-27,0.255049548052574
2023-04-28,0.2535521260283237
2023-04-29,0.2526999267322384
2023-04-30,0.25287483650794573
2023-05-01,0.24146197364304023
2023-05-02,0.24720970321697944
2023-05-03,0.25065445407743836
2023-05-04,0.24889078050572244
2023-05-05,0.2554119999766787
2023-05-06,0.24903653865214526
2023-05-07,0.24483578887224006
2023-05-08,0.23750609754912533
2023-05-09,0.23716016488161523
2023-05-10,0.23685310105315116
2023-05-11,0.23083037444296095
2023-05-12,0.22903949268391277
2023-05-13,0.2288286292320878
2023-05-14,0.23021333162310442
2023-05-15,0.23277770327916963
2023-05-16,0.23133372590860768
2023-05-17,0.23490771565889484
2023-05-18,0.22931934832504453
2023-05-19,0.229852823140952
2023-05-20,0.2321198481783147
2023-05-21,0.2285604342426698
2023-05-22,0.22950689047344186
2023-05-23,0.23313529659839355
2023-05-24,0.22446463032818903
2023-05-25,0.2258969470470371
2023-05-26,0.22818729338782745
2023-05-27,0.2296060060130094
2023-05-28,0.2413997835005665
2023-05-29,0.23817561330169412
2023-05-30,0.23777526425951945
2023-05-31,0.23309059743349053
2023-06-01,0.22923189343719086
2023-06-02,0.23336850963267003
2023-06-03,0.23169034750685547
2023-06-04,0.23217912315785993
2023-06-05,0.2188189314567458
2023-06-06,0.23322761009112802
2023-06-07,0.22460164298582647
2023-06-08,0.2261427924540036
2023-06-09,0.22593095728120244
2023-06-10,0.21975761391970866
2023-06-11,0.22057774642358097
2023-06-12,0.22036785469273212
2023-06-13,0.22058746363334247
2023-06-14,0.21281466754510242
2023-06-15,0.2173020750129725
2023-06-16,0.22458998233411265
2023-06-17,0.22627786166968872
2023-06-18,0.2245744347984942
2023-06-19,0.22949328637977578
2023-06-20,0.24369790360916604
2023-06-21,0.26011221433832604
2023-06-22,0.25907830321970027
2023-06-23,0.2667442100005636
2023-06-24,0.26532744081733395
2023-06-25,0.2646637553906221
2023-06-26,0.26273683269491266
2023-06-27,0.2668384669352503
2023-06-28,0.2609061103758422
2023-06-29,0.2644732980792963
2023-06-30,0.2647376061848097
2023-07-01,0.2658443963766468
2023-07-02,0.2661446581582778
2023-07-03,0.27132976128702496
2023-07-04,0.2676090416693389
2023-07-05,0.2651253228542943
2023-07-06,0.2592979121603106
2023-07-07,0.2635083791499774
2023-07-08,0.26294866786771376
2023-07-09,0.2617641399977845
2023-07-10,0.2641778949025461
2023-07-11,0.2661990745329423
2023-07-12,0.2639058130292235
2023-07-13,0.2743887389199516
2023-07-14,0.26322658006689326
2023-07-15,0.26297393261309376
2023-07-16,0.26243074058742477
2023-07-17,0.2614998318922711
2023-07-18,0.25884800534835223
2023-07-19,0.2592648736471215
2023-07-20,0.2582086129460442
2023-07-21,0.25920074006269544
2023-07-22,0.2580910347079298
2023-07-23,0.26097704600710137
2023-07-24,0.2521557629855932
2023-07-25,0.25264648207855
2023-07-26,0.2538475292050739
2023-07-27,0.2525891505409571
2023-07-28,0.2534860490019454
2023-07-29,0.2538601615777639
2023-07-30,0.2531624659168868
2023-07-31,0.25268340747564383
2023-08-01,0.25734572471922124
2023-08-02,0.2521130072626426
2023-08-03,0.25226459573492227
2023-08-04,0.2514502935569069
2023-08-05,0.251086869911826
2023-08-06,0.2512151370806781
2023-08-07,0.25240938216036896
2023-08-08,0.25797928679567234
2023-08-09,0.2560416751692252
2023-08-10,0.2547881551099891
2023-08-11,0.2545141297947142
2023-08-12,0.2545860371469495
2023-08-13,0.2533412625764987
2023-08-14,0.2545714613323072
2023-08-15,0.2523228989934914
2023-08-16,0.24776552761533843
2023-08-17,0.22745072888790424
2023-08-18,0.2217904542018187
2023-08-19,0.2222393892928009
2023-08-20,0.22312754226500386
2023-08-21,0.22249786707245733
2023-08-22,0.22166121531199046
2023-08-23,0.22551214554048093
2023-08-24,0.22299344477029487
2023-08-25,0.22182932304086478
2023-08-26,0.2214396629294278
2023-08-27,0.22225104994451472
2023-08-28,0.22242887488315055
2023-08-29,0.23802499655039056
2023-08-30,0.23389421068076827
2023-08-31,0.22066422959045845
2023-09-01,0.2193611517614386
2023-09-02,0.2200073462105797
2023-09-03,0.22099169955942172
2023-09-04,0.21955646767764514
2023-09-05,0.21923482803453886
2023-09-06,0.2189219338802179
2023-09-07,0.22370085764093356
2023-09-08,0.2203940911590882
2023-09-09,0.22031246659709142
2023-09-10,0.21972068852261484
2023-09-11,0.21317323258530257
2023-09-12,0.21966530042697419
2023-09-13,0.22344043641932482
2023-09-14,0.22637211860437545
2023-09-15,0.22711354170917947
2023-09-16,0.22673457052848017
2023-09-17,0.22641487432732615
2023-09-18,0.2286925882954265
2023-09-19,0.23302354868613606
2023-09-20,0.23220535962421607
2023-09-21,0.22681230820657233
2023-09-22,0.22692794300273444
2023-09-23,0.2269017065363783
2023-09-24,0.22371737689752813
2023-09-25,0.22421489803731798
2023-09-26,0.2234005958593026
2023-09-27,0.22483096913619832
2023-09-28,0.23121031734463637
2023-09-29,0.23011421608353688
2023-09-30,0.23062825647992136
2023-10-01,0.24046012931662752
2023-10-02,0.23590081449652223
2023-10-03,0.23515356106586133
2023-10-04,0.2386760496044124
2023-10-05,0.23497767956917776
2023-10-06,0.24009476222959436
2023-10-07,0.2403299187058231
2023-10-08,0.23995677785098074
2023-10-09,0.23664029415937393
2023-10-10,0.23479013742078042
2023-10-11,0.22979160471945442
2023-10-12,0.22866926699199885
2023-10-13,0.2296643092715785
2023-10-14,0.22956033512713026
2023-10-15,0.2325571226175831
2023-10-16,0.24566077998099312
2023-10-17,0.24462978402529584
2023-10-18,0.24383394454582735
2023-10-19,0.24773346082312542
2023-10-20,0.2569793859112119
2023-10-21,0.25929596871835836
2023-10-22,0.25998880577435474
2023-10-23,0.289700146341179
2023-10-24,0.29820464832446153
2023-10-25,0.303838686544191
2023-10-26,0.3005047118750133
2023-10-27,0.29805694673608646
2023-10-28,0.29981381826096926
2023-10-29,0.3041292311160604
2023-10-30,0.30365503127969823
2023-10-31,0.30533319340551274
2023-11-01,0.31284653999312023
2023-11-02,0.30806178590654765
2023-11-03,0.3059949353902723
2023-11-04,0.309367778898496
2023-11-05,0.30891690036556146
2023-11-06,0.3091365093061718
2023-11-07,0.3128688895755717
2023-11-08,0.31491727739330017
2023-11-09,0.3252525016956531
2023-11-10,0.33110712057696906
2023-11-11,0.3296252460883372
2023-11-12,0.32878859432787033
2023-11-13,0.32309333768664333
2023-11-14,0.31406604981819103
2023-11-15,0.3366643928395825
2023-11-16,0.3200120104712652
2023-11-17,0.32423122294971735
2023-11-18,0.32397080172810855
2023-11-19,0.33160464171675885
2023-11-20,0.3325753909719347
2023-11-21,0.3166343083581608
2023-11-22,0.33215463578926097
2023-11-23,0.33101092020032996
2023-11-24,0.3351329605811669
2023-11-25,0.33581025010154486
2023-11-26,0.3325530413894833
2023-11-27,0.3305785043659423
2023-11-28,0.3361629848158881
2023-11-29,0.336475878970209
2023-11-30,0.3350902048582162
2023-12-01,0.34456739953862686
2023-12-02,0.3520515944969498
2023-12-03,0.3570248624528958
2023-12-04,0.3766303048677391
2023-12-05,0.3969237257336979
2023-12-06,0.394009534526218
2023-12-07,0.3892811402562622
2023-12-08,0.3978886446630169
2023-12-09,0.393446908081026
2023-12-10,0.3941523775097123
2023-12-11,0.3695202224852347
2023-12-12,0.3717639262191697
2023-12-13,0.38534372686089424
2023-12-14,0.38671774032117323
2023-12-15,0.3760589329337617
2023-12-16,0.37938902071903463
2023-12-17,0.3706143803043819
2023-12-18,0.38315929810650445
2023-12-19,0.3792685273179918
2023-12-20,0.3929066312182855
2023-12-21,0.3948801965208502
2023-12-22,0.39588106912628684
2023-12-23,0.39336917040293384
2023-12-24,0.3862862962077617
2023-12-25,0.39208747043538933
2023-12-26,0.381736698597418
2023-12-27,0.39080479874686863
2023-12-28,0.382395525419249
2023-12-29,0.3774523808135637
2023-12-30,0.3780771974012294
2023-12-31,0.3793967944868439
2024-01-01,0.3979654106201329
2024-01-02,0.40535340520181673
2024-01-03,0.38487341390843666
2024-01-04,0.39770887628242874
2024-01-05,0.3977079045614526
2024-01-06,0.3958713519165253
2024-01-07,0.3954768332002076
2024-01-08,0.4249675931054453
2024-01-09,0.41687121393214666
2024-01-10,0.42173273397583527
2024-01-11,0.41900122631187187
2024-01-12,0.3848714704664844
2024-01-13,0.38502111549681184
2024-01-14,0.3742816552683796
2024-01-15,0.381711433852038
2024-01-16,0.38787991860865106
2024-01-17,0.3842184739705102
2024-01-18,0.3698758723625063
2024-01-19,0.37332839699077447
2024-01-20,0.37378899273347055
2024-01-21,0.37269872179822794
2024-01-22,0.35300388105357877
2024-01-23,0.3562338815783081
2024-01-24,0.3581501153432799
2024-01-25,0.35668961871612337
2024-01-26,0.37491521734483074
2024-01-27,0.3779236654869974
2024-01-28,0.37704717316650826
2024-01-29,0.3893792840748536
2024-01-30,0.38594327870318
2024-01-31,0.3823896950933921
2024-02-01,0.3872570454629376
2024-02-02,0.3883580053289178
2024-02-03,0.38652145268399046
2024-02-04,0.3823984405821775
2024-02-05,0.3835236934725615
2024-02-06,0.38731826388443513
2024-02-07,0.3994851822268347
2024-02-08,0.40875054173444425
2024-02-09,0.42657384787902464
2024-02-10,0.4327024920756154
2024-02-11,0.43774669566282065
2024-02-12,0.4539161327059903
2024-02-13,0.45172684534671975
2024-02-14,0.47180648759792515
2024-02-15,0.4729618638385699
2024-02-16,0.47522500199202794
2024-02-17,0.4704810601864538
2024-02-18,0.4750627245890106
2024-02-19,0.471818148249639
2024-02-20,0.4764814372141926
2024-02-21,0.47254305209784836
2024-02-22,0.4673171366881029
2024-02-23,0.4616821267473972
2024-02-24,0.4697580997801967
2024-02-25,0.4712263701751624
2024-02-26,0.4981663625180011
2024-02-27,0.5230531084382306
2024-02-28,0.5756368173417212
2024-02-29,0.5630209639083396
2024-03-01,0.574957584379391
2024-03-02,0.571039605403546
2024-03-03,0.5821298569043691
2024-03-04,0.6320209269829425
2024-03-05,0.5885121202757356
2024-03-06,0.6107431527681415
2024-03-07,0.6182730186123436
2024-03-08,0.6310676687053374
2024-03-09,0.632957666003953
2024-03-10,0.6387714726042706
2024-03-11,0.6692281231598035
2024-03-12,0.6631169699407834
2024-03-13,0.6786266084411459
2024-03-14,0.6623133566935057
2024-03-15,0.643619388554293
2024-03-16,0.6032978266488648
2024-03-17,0.6331976810850626
2024-03-18,0.6254520931841548
2024-03-19,0.5715789105453104
2024-03-20,0.6279775960011739
2024-03-21,0.6051402096196491
2024-03-22,0.5884431280864288
2024-03-23,0.5908947801092604
2024-03-24,0.6217381756133017
2024-03-25,0.6477812694951521
2024-03-26,0.6488239261025633
2024-03-27,0.6434124119863726
2024-03-28,0.6562362137086509
2024-03-29,0.6475840101369933
2024-03-30,0.6450555921570458
2024-03-31,0.6617740515517413
2024-04-01,0.6455696325534301
2024-04-02,0.6045124778690548
2024-04-03,0.6096023523421391
2024-04-04,0.6342209032729507
2024-04-05,0.6277502132927544
2024-04-06,0.6380504556399659
2024-04-07,0.6426156007859279
2024-04-08,0.6646707517816506
2024-04-09,0.6405516654325811
2024-04-10,0.6548758043420382
2024-04-11,0.64894344778263
2024-04-12,0.6211551430276104
2024-04-13,0.5890689163950708
2024-04-14,0.6070214614294793
2024-04-15,0.5848127785195248
2024-04-16,0.5886355288397069
2024-04-17,0.5640859700982022
2024-04-18,0.5854881245979505
2024-04-19,0.5885752821391855
2024-04-20,0.599866679882072
2024-04-21,0.5996635901980562
2024-04-22,0.6180203711585441
2024-04-23,0.6139945311543463
2024-04-24,0.5933036764091412
2024-04-25,0.5953578945527266
2024-04-26,0.5882575293799838
2024-04-27,0.5852490812378172
2024-04-28,0.5818762377295934
2024-04-29,0.5891680319346382
2024-04-30,0.5581361225612234
2024-05-01,0.5354425508841689
2024-05-02,0.5431201183167461
2024-05-03,0.5796199016229684
2024-05-04,0.5894420572499132
2024-05-05,0.5905896597227487
2024-05-06,0.5823951367308586
2024-05-07,0.5741802075984693
2024-05-08,0.5633921613212296
2024-05-09,0.5815390505508686
2024-05-10,0.5594022749931494
2024-05-11,0.5596908761230666
2024-05-12,0.5660401009812439
2024-05-13,0.5802000190457312
2024-05-14,0.5669088195339238
2024-05-15,0.6121492330206336
2024-05-16,0.6024893547967063
2024-05-17,0.6200366921840595
2024-05-18,0.6188774290595102
2024-05-19,0.6126739623477557
2024-05-20,0.6626554024771112
2024-05-21,0.650190165795033
2024-05-22,0.6406235727848163
2024-05-23,0.6291601804291509
2024-05-24,0.6347174526917644
2024-05-25,0.6418770928440524
2024-05-26,0.6343987282115865
2024-05-27,0.6432792862126397
2024-05-28,0.6329528073990722
2024-05-29,0.6258573008312102
2024-05-30,0.632843002928767
2024-05-31,0.6248301917594176
2024-06-01,0.6270719520514002
2024-06-02,0.6271953606153715
2024-06-03,0.6372458706717119
2024-06-04,0.6541674197504233
2024-06-05,0.6593612683679558
2024-06-06,0.6565218996756396
2024-06-07,0.6424941356639089
2024-06-08,0.6421268251349236
2024-06-09,0.6454355350587212
2024-06-10,0.6443433206815262
2024-06-11,0.6227866625465698
2024-06-12,0.6319237548853274
2024-06-13,0.6174742639699468
2024-06-14,0.6103000480030163
2024-06-15,0.6121288268801344
2024-06-16,0.6165180905294131
2024-06-17,0.6148088333323617
2024-06-18,0.6017984611826622
2024-06-19,0.6000590806353501
2024-06-20,0.5988288818795416
2024-06-21,0.5917761310346302
2024-06-22,0.5930636613280317
2024-06-23,0.5827167763739649
2024-06-24,0.5545028578313909
2024-06-25,0.5692409498766887
2024-06-26,0.5599124285056293
2024-06-27,0.568035044145284
2024-06-28,0.5555775812310151
2024-06-29,0.5611173625160578
2024-06-30,0.5784227413803492
2024-07-01,0.5797423384659636
2024-07-02,0.5720968378255995
2024-07-03,0.5535952704396649
2024-07-04,0.5227625638663612
2024-07-05,0.5190262967130567
2024-07-06,0.5347429117813395
2024-07-07,0.5114400710522379
2024-07-08,0.5198318534022867
2024-07-09,0.5326070690757574
2024-07-10,0.5297628417785604
2024-07-11,0.5257846161021941
2024-07-12,0.5311077036095548
2024-07-13,0.5439800913806407
2024-07-14,0.5593828405736264
2024-07-15,0.5981302144976883
2024-07-16,0.6007276246669426
2024-07-17,0.5913942446910024
2024-07-18,0.5903379839899252
2024-07-19,0.6165443269957691
2024-07-20,0.6211221045144214
2024-07-21,0.6309384298155091
2024-07-22,0.6250585461888133
2024-07-23,0.6093574786561489
2024-07-24,0.6038449055584384
2024-07-25,0.6080116451041783
2024-07-26,0.628508155654153
2024-07-27,0.6278716784147734
2024-07-28,0.6318868294882335
2024-07-29,0.6177230245398415
2024-07-30,0.6117586011882205
2024-07-31,0.5966104428909865
2024-08-01,0.603868226861866
2024-08-02,0.5660274686085539
2024-08-03,0.5584286105750451
2024-08-04,0.5336021113553371
2024-08-05,0.4931513105600805
2024-08-06,0.5133514462123289
2024-08-07,0.5042473923867605
2024-08-08,0.5681749719658499
2024-08-09,0.559924089157343
2024-08-10,0.5607121548690023
2024-08-11,0.5391554967340458
2024-08-12,0.5453424441892057
2024-08-13,0.5574423137842508
2024-08-14,0.5391020520803576
2024-08-15,0.5277018215881419
2024-08-16,0.540748147413959
2024-08-17,0.5466358048084641
2024-08-18,0.53656100172772
2024-08-19,0.5465172548493736
2024-08-20,0.5419977805892906
2024-08-21,0.5629121311590105
2024-08-22,0.5552753760074317
2024-08-23,0.5910434534186116
2024-08-24,0.5920754210952851
2024-08-25,0.5931822112871222
2024-08-26,0.5793157529574329
2024-08-27,0.5463229106541432
2024-08-28,0.542096896128858
2024-08-29,0.5455707986186015
2024-08-30,0.5431045707811276
2024-08-31,0.5417334724837771
2024-09-01,0.5255747243713451
2024-09-02,0.5432435268807174
2024-09-03,0.5271693184932107
2024-09-04,0.5319657332314971
2024-09-05,0.5145699843164234
2024-09-06,0.49303276060099005
2024-09-07,0.4948761152927504
2024-09-08,0.5017248047326699
2024-09-09,0.5229889748538046
2024-09-10,0.5286774294481986
2024-09-11,0.5257982201958601
2024-09-12,0.5335311757240779
2024-09-13,0.5566299550481877
2024-09-14,0.5516139313692909
2024-09-15,0.5432872543246443
2024-09-16,0.5342949484113334
2024-09-17,0.5546622200714798
2024-09-18,0.5687375984110419
2024-09-19,0.5802136231393973
2024-09-20,0.5827653624227725
2024-09-21,0.5841928205367398
2024-09-22,0.5863753058491773
2024-09-23,0.5840344300176271
2024-09-24,0.5930228490470333
2024-09-25,0.5823310031464326
2024-09-26,0.6019519930968942
2024-09-27,0.6077881492796633
2024-09-28,0.6086646416001524
2024-09-29,0.6061439973880142
2024-09-30,0.5841063373698623
2024-10-01,0.5597773592899441
2024-10-02,0.5579330328772075
2024-10-03,0.558958198507048
2024-10-04,0.5718801440479175
2024-10-05,0.5716896867365918
2024-10-06,0.5790553317358241
2024-10-07,0.5734795967746638
2024-10-08,0.5726186519897931
2024-10-09,0.5577688120322379
2024-10-10,0.5547312122607866
2024-10-11,0.5759458246121376
2024-10-12,0.5828032595408424
2024-10-13,0.5795557680385425
2024-10-14,0.6107557851408315
2024-10-15,0.6204321826213535
2024-10-16,0.625683362776479
2024-10-17,0.6237447794290556
2024-10-18,0.6335076600764551
2024-10-19,0.6330111106576414
2024-10-20,0.6394098932856025
2024-10-21,0.6232870988492881
2024-10-22,0.6238312625959332
2024-10-23,0.6164112012220363
2024-10-24,0.631257154295687
2024-10-25,0.6167328408651427
2024-10-26,0.6205225526721356
2024-10-27,0.6294410077912589
2024-10-28,0.6483847082213426
2024-10-29,0.6753625976822512
2024-10-30,0.6716447932274936
2024-10-31,0.6515690378601927
2024-11-01,0.6440420871789191
2024-11-02,0.6422793853281794
2024-11-03,0.6368746732588219
2024-11-04,0.6279270665104141
2024-11-05,0.6427448396757561
2024-11-06,0.7031139770401769
2024-11-07,0.7058571453558541
2024-11-08,0.7121606993281522
2024-11-09,0.7139389487145105
2024-11-10,0.7497779617569493
2024-11-11,0.8301937028593863
2024-11-12,0.8231701036437594
2024-11-13,0.8472775293411149
2024-11-14,0.8168801537651273
2024-11-15,0.853343983395232
2024-11-16,0.8484134711622368
2024-11-17,0.8415589513964603
2024-11-18,0.8478265516926408
2024-11-19,0.8649336994777972
2024-11-20,0.884996822472408
2024-11-21,0.9245516965276523
2024-11-22,0.9299466913872484
2024-11-23,0.9179877213337454
2024-11-24,0.9202829262794164
2024-11-25,0.8729523409730037
2024-11-26,0.8623916774041835
2024-11-27,0.9003762503619662
2024-11-28,0.8980334310884636
2024-11-29,0.9154515295859886
2024-11-30,0.9054204539491713
2024-12-01,0.9131524377564129
2024-12-02,0.8999875619715054
2024-12-03,0.9004938286000805
2024-12-04,0.9270908034383376
2024-12-05,0.9109116491854065
2024-12-06,0.9380216926990717
2024-12-07,0.9387631158038757
2024-12-08,0.9511894836469078
2024-12-09,0.914687756898733
2024-12-10,0.9073114229687632
2024-12-11,0.9512905426284276
2024-12-12,0.9404432213716425
2024-12-13,0.9542057055568837
2024-12-14,0.9541231092739108
2024-12-15,0.9835205839654378
2024-12-16,0.9992099908463886
2024-12-17,1.0
2024-12-18,0.9422690850858322
2024-12-19,0.9157245831802874
2024-12-20,0.9189273755176844
2024-12-21,0.9136567609430358
2024-12-22,0.8935469953415698
2024-12-23,0.8903237968636735
2024-12-24,0.9274046693136347
2024-12-25,0.9344321554131662
2024-12-26,0.8993180462189365
2024-12-27,0.8847247405990855
2024-12-28,0.8945255183645549
2024-12-29,0.8792869900165388
2024-12-30,0.870186823074875
2024-12-31,0.8777409819434808
